{
    "rmse": 0.7108795598496795,
    "mae": 0.571234057181948,
    "r2": 0.22670968995537333
}