{
    "rmse": 0.5570691476234012,
    "mae": 0.4364727679591397,
    "r2": 0.5251365679710166
}