{
    "rmse": 0.5557146904110705,
    "mae": 0.4253662109375,
    "r2": 0.5274429254023522
}